51322,Discover Turtles: Drawing With Python,https://stepik.org/course/51322,"{'https://stepik.org/users/34759635': 'LaunchCode Education', 'https://stepik.org/users/34051521': 'Chris Bay'}",98
1233,–í–≤–µ–¥–µ–Ω–∏–µ –≤ –æ–±—Ä–∞–±–æ—Ç–∫—É –µ—Å—Ç–µ—Å—Ç–≤–µ–Ω–Ω–æ–≥–æ —è–∑—ã–∫–∞,https://stepik.org/course/1233,{'https://stepik.org/users/19667710': '–ü–∞–≤–µ–ª –ë—Ä–∞—Å–ª–∞–≤—Å–∫–∏–π'},8.3K
191,–ë–µ–∑–æ–ø–∞—Å–Ω–æ—Å—Ç—å –≤ –∏–Ω—Ç–µ—Ä–Ω–µ—Ç–µ,https://stepik.org/course/191,{'https://stepik.org/users/1762074': '–ê–∫–∞–¥–µ–º–∏—è –Ø–Ω–¥–µ–∫—Å–∞'},77.4K
3554,–ü–æ–ª–µ–∑–Ω—ã–µ —Ñ—É–Ω–∫—Ü–∏–∏ Excel,https://stepik.org/course/3554,{'https://stepik.org/users/34833837': '–ê–ª—å—Ñ–∞-–û–ø—ã—Ç'},45.5K
126,–û—Å–Ω–æ–≤—ã —Ç–µ–æ—Ä–∏–∏ –≥—Ä–∞—Ñ–æ–≤,https://stepik.org/course/126,{'https://stepik.org/users/736914': 'Computer Science Center (CS —Ü–µ–Ω—Ç—Ä)'},14.4K
326,–ú–∞—Ç–µ–º–∞—Ç–∏—á–µ—Å–∫–∞—è —Å—Ç–∞—Ç–∏—Å—Ç–∏–∫–∞,https://stepik.org/course/326,{'https://stepik.org/users/736914': 'Computer Science Center (CS —Ü–µ–Ω—Ç—Ä)'},12.3K
125,–û—Å–Ω–æ–≤—ã –ø–µ—Ä–µ—á–∏—Å–ª–∏—Ç–µ–ª—å–Ω–æ–π –∫–æ–º–±–∏–Ω–∞—Ç–æ—Ä–∏–∫–∏,https://stepik.org/course/125,{'https://stepik.org/users/736914': 'Computer Science Center (CS —Ü–µ–Ω—Ç—Ä)'},9.9K
1127,–û—Å–Ω–æ–≤—ã –¥–∏—Å–∫—Ä–µ—Ç–Ω–æ–π –º–∞—Ç–µ–º–∞—Ç–∏–∫–∏,https://stepik.org/course/1127,{'https://stepik.org/users/736914': 'Computer Science Center (CS —Ü–µ–Ω—Ç—Ä)'},9.4K
30207,–ú–∞—Ç–µ–º–∞—Ç–∏—á–µ—Å–∫–∞—è –ª–æ–≥–∏–∫–∞,https://stepik.org/course/30207,{'https://stepik.org/users/58136415': 'User 58136415'},392
1240,–í–≤–µ–¥–µ–Ω–∏–µ –≤ –±–∞–∑—ã –¥–∞–Ω–Ω—ã—Ö,https://stepik.org/course/1240,"{'https://stepik.org/users/16311516': '–í—ã—Å—à–∞—è —à–∫–æ–ª–∞ —ç–∫–æ–Ω–æ–º–∏–∫–∏ (–ù–ò–£ –í–®–≠)', 'https://stepik.org/users/16187440': '–°–ü–±–ü–£ (–ü–æ–ª–∏—Ç–µ—Ö)', 'https://stepik.org/users/736914': 'Computer Science Center (CS —Ü–µ–Ω—Ç—Ä)'}",7.4K
1280,–û–±—Ä–∞–±–æ—Ç–∫–∞ –∏–∑–æ–±—Ä–∞–∂–µ–Ω–∏–π,https://stepik.org/course/1280,{'https://stepik.org/users/16311516': '–í—ã—Å—à–∞—è —à–∫–æ–ª–∞ —ç–∫–æ–Ω–æ–º–∏–∫–∏ (–ù–ò–£ –í–®–≠)'},7.7K
551,–í–≤–µ–¥–µ–Ω–∏–µ –≤ –±–∞–∑—ã –¥–∞–Ω–Ω—ã—Ö,https://stepik.org/course/551,"{'https://stepik.org/users/16311516': '–í—ã—Å—à–∞—è —à–∫–æ–ª–∞ —ç–∫–æ–Ω–æ–º–∏–∫–∏ (–ù–ò–£ –í–®–≠)', 'https://stepik.org/users/16187440': '–°–ü–±–ü–£ (–ü–æ–ª–∏—Ç–µ—Ö)', 'https://stepik.org/users/736914': 'Computer Science Center (CS —Ü–µ–Ω—Ç—Ä)'}",40.1K
95,–í–≤–µ–¥–µ–Ω–∏–µ –≤ –º–∞—Ç–µ–º–∞—Ç–∏—á–µ—Å–∫–∏–π –∞–Ω–∞–ª–∏–∑,https://stepik.org/course/95,{'https://stepik.org/users/736914': 'Computer Science Center (CS —Ü–µ–Ω—Ç—Ä)'},35.9K
3089,–¢–µ–æ—Ä–∏—è –≤–µ—Ä–æ—è—Ç–Ω–æ—Å—Ç–µ–π,https://stepik.org/course/3089,{'https://stepik.org/users/736914': 'Computer Science Center (CS —Ü–µ–Ω—Ç—Ä)'},24.9K
548,–û—Å–Ω–æ–≤—ã –ø—Ä–æ–≥—Ä–∞–º–º–∏—Ä–æ–≤–∞–Ω–∏—è –¥–ª—è Linux,https://stepik.org/course/548,{'https://stepik.org/users/736914': 'Computer Science Center (CS —Ü–µ–Ω—Ç—Ä)'},15.3K
150,Hadoop. –°–∏—Å—Ç–µ–º–∞ –¥–ª—è –æ–±—Ä–∞–±–æ—Ç–∫–∏ –±–æ–ª—å—à–∏—Ö –æ–±—ä–µ–º–æ–≤ –¥–∞–Ω–Ω—ã—Ö,https://stepik.org/course/150,{'https://stepik.org/users/1382921': 'Mail.ru Group'},21.1K
217,–ê–ª–≥–æ—Ä–∏—Ç–º—ã: —Ç–µ–æ—Ä–∏—è –∏ –ø—Ä–∞–∫—Ç–∏–∫–∞. –ú–µ—Ç–æ–¥—ã,https://stepik.org/course/217,{'https://stepik.org/users/736914': 'Computer Science Center (CS —Ü–µ–Ω—Ç—Ä)'},72.3K
3203,–ü–æ–≥—Ä—É–∂–µ–Ω–∏–µ –≤ –°–£–ë–î. –°–µ–∑–æ–Ω 2017.,https://stepik.org/course/3203,{'https://stepik.org/users/736914': 'Computer Science Center (CS —Ü–µ–Ω—Ç—Ä)'},11K
1480,–ü—Ä–æ–≥—Ä–∞–º–º–∏—Ä–æ–≤–∞–Ω–∏–µ –Ω–∞ —è–∑—ã–∫–µ Python,https://stepik.org/course/1480,{'https://stepik.org/users/728699': 'Andreanos Voroneski'},2.3K
2223,JavaScript –¥–ª—è –Ω–∞—á–∏–Ω–∞—é—â–∏—Ö,https://stepik.org/course/2223,{'https://stepik.org/users/2029748': 'Anton Kholin'},69.2K
58514,Legasoft Java,https://stepik.org/course/58514,{'https://stepik.org/users/64002121': '–í–ª–∞–¥–∏—Å–ª–∞–≤ –ö–æ–≤–∞–ª–µ–≤'},184
4006,Web-—Ç–µ—Ö–Ω–æ–ª–æ–≥–∏–∏,https://stepik.org/course/4006,"{'https://stepik.org/users/32082685': '–°–µ—Ä–≥–µ–π –ë–µ–ª—è–µ–≤', 'https://stepik.org/users/33908445': '–°–ü–±–ì–≠–¢–£ ¬´–õ–≠–¢–ò¬ª'}",7.1K
56391,–í–≤–µ–¥–µ–Ω–∏–µ –≤ Python. –ü—Ä–∞–∫—Ç–∏–∫—É–º,https://stepik.org/course/56391,{'https://stepik.org/users/114349': '–ê—Ä–∫–∞–¥–∏–π –ö–∞–ª–∞–∫—É—Ü–∫–∏–π'},2.1K
33949,–†–∞–∑—Ä–∞–±–æ—Ç–∫–∞ –Ω–∞ –ø–ª–∞—Ç—Ñ–æ—Ä–º–µ Java,https://stepik.org/course/33949,{'https://stepik.org/users/16240819': '–ï–≤–≥–µ–Ω–∏–π –ö—É—Ä–±–∞—Ç–æ–≤'},1.5K
57839,–ö—É—Ä—Å Deep Learning (2019-2020): –±–∞–∑–æ–≤—ã–π –ø–æ—Ç–æ–∫,https://stepik.org/course/57839,{'https://stepik.org/users/131098656': '–®–∫–æ–ª–∞ –≥–ª—É–±–æ–∫–æ–≥–æ –æ–±—É—á–µ–Ω–∏—è –ú–§–¢–ò'},4.5K
57457,–ö—É—Ä—Å Deep Learning (2019-2020): –ø—Ä–æ–¥–≤–∏–Ω—É—Ç—ã–π –ø–æ—Ç–æ–∫,https://stepik.org/course/57457,{'https://stepik.org/users/131098656': '–®–∫–æ–ª–∞ –≥–ª—É–±–æ–∫–æ–≥–æ –æ–±—É—á–µ–Ω–∏—è –ú–§–¢–ò'},3.6K
3191,"–ò–∑–º–µ—Ä–µ–Ω–∏–µ, –∫–æ–¥–∏—Ä–æ–≤–∞–Ω–∏–µ –∏ –æ–±—Ä–∞–±–æ—Ç–∫–∞ –∏–Ω—Ñ–æ—Ä–º–∞—Ü–∏–∏",https://stepik.org/course/3191,{'https://stepik.org/users/29417050': '–ú–∏—Ö–∞–∏–ª –°–µ—Ä–≥–µ–µ–≤–∏—á –°–æ–ª–∫–∏–Ω'},2.5K
146,–†–∞–∑—Ä–∞–±–æ—Ç–∫–∞ –≤–µ–± —Å–µ—Ä–≤–∏—Å–∞ –Ω–∞ Java (—á–∞—Å—Ç—å 1),https://stepik.org/course/146,{'https://stepik.org/users/1382921': 'Mail.ru Group'},30.7K
1128,–ü–æ—Å—Ç–∞–Ω–æ–≤–∫–∞ –∑–∞–¥–∞—á–∏ –Ω–∞ —Ä–∞–∑—Ä–∞–±–æ—Ç–∫—É –ü–û,https://stepik.org/course/1128,{'https://stepik.org/users/1382921': 'Mail.ru Group'},17.2K
1780,–û–ø–µ—Ä–∞—Ü–∏–æ–Ω–Ω—ã–µ —Å–∏—Å—Ç–µ–º—ã,https://stepik.org/course/1780,{'https://stepik.org/users/736914': 'Computer Science Center (CS —Ü–µ–Ω—Ç—Ä)'},16.8K
2586,–í–≤–µ–¥–µ–Ω–∏–µ –≤ –Ω–µ—Ä–µ–ª—è—Ü–∏–æ–Ω–Ω—ã–µ –±–∞–∑—ã –¥–∞–Ω–Ω—ã—Ö,https://stepik.org/course/2586,{'https://stepik.org/users/17406227': 'Mark Zaslavskiy'},3.2K
2473,JavaScript. Introduction for beginners,https://stepik.org/course/2473,{'https://stepik.org/users/31071807': 'Viktor Kozinin'},1.3K
10,Python for Programmers,https://stepik.org/course/10,{},5.2K
3212,Django Tutorial,https://stepik.org/course/3212,{'https://stepik.org/users/17813950': 'JetBrains'},3.7K
20403,AtomicKotlin,https://stepik.org/course/20403,{'https://stepik.org/users/17813950': 'JetBrains'},1.3K
6860,Java. Collections,https://stepik.org/course/6860,"{'https://stepik.org/users/625832': 'Ekaterina Tuzova', 'https://stepik.org/users/17813950': 'JetBrains'}",4K
3215,Logging in Python,https://stepik.org/course/3215,{'https://stepik.org/users/17813950': 'JetBrains'},4.4K
6864,Java. Classes,https://stepik.org/course/6864,"{'https://stepik.org/users/625832': 'Ekaterina Tuzova', 'https://stepik.org/users/17813950': 'JetBrains'}",4.5K
1595,Java. Functional programming,https://stepik.org/course/1595,{'https://stepik.org/users/1810113': 'Artyom Burylov'},12.9K
6858,Java. Introduction,https://stepik.org/course/6858,"{'https://stepik.org/users/625832': 'Ekaterina Tuzova', 'https://stepik.org/users/17813950': 'JetBrains'}",34.7K
6859,Java. Statements and Arrays,https://stepik.org/course/6859,"{'https://stepik.org/users/625832': 'Ekaterina Tuzova', 'https://stepik.org/users/17813950': 'JetBrains'}",3.6K
53634,–°–ø–æ—Ä—Ç–∏–≤–Ω–æ–µ –ø—Ä–æ–≥—Ä–∞–º–º–∏—Ä–æ–≤–∞–Ω–∏–µ,https://stepik.org/course/53634,{'https://stepik.org/users/3199288': '–°–∞–º–∞—Ä—Å–∫–∏–π —É–Ω–∏–≤–µ—Ä—Å–∏—Ç–µ—Ç'},5K
2159,Applied Computer Science. Git,https://stepik.org/course/2159,{'https://stepik.org/users/17406227': 'Mark Zaslavskiy'},4.8K
1547,–ê–ª–≥–æ—Ä–∏—Ç–º—ã: —Ç–µ–æ—Ä–∏—è –∏ –ø—Ä–∞–∫—Ç–∏–∫–∞. –°—Ç—Ä—É–∫—Ç—É—Ä—ã –¥–∞–Ω–Ω—ã—Ö,https://stepik.org/course/1547,{'https://stepik.org/users/736914': 'Computer Science Center (CS —Ü–µ–Ω—Ç—Ä)'},20.9K
58474,Legasoft Python,https://stepik.org/course/58474,{'https://stepik.org/users/64002121': '–í–ª–∞–¥–∏—Å–ª–∞–≤ –ö–æ–≤–∞–ª–µ–≤'},105
52483,–ò–Ω—Ñ–æ—Ä–º–∞—Ü–∏–æ–Ω–Ω—ã–µ —Ç–µ—Ö–Ω–æ–ª–æ–≥–∏–∏. –†–∞–±–æ—Ç–∞ —Å —ç–ª–µ–∫—Ç—Ä–æ–Ω–Ω—ã–º–∏ —Ç–∞–±–ª–∏—Ü–∞–º–∏ Excel,https://stepik.org/course/52483,"{'https://stepik.org/users/72387351': '–ú–∞—Ä–∏–Ω–∞ –†–æ–º–∞–Ω–æ–≤–Ω–∞ –ú–µ–ª–∞–º—É–¥', 'https://stepik.org/users/79997724': '–í–µ—Ä–∞ –ì—Ä–∏–≥–æ—Ä—å–µ–≤–Ω–∞ –ì–µ—Ä–∞—Å–∏–º–æ–≤–∞', 'https://stepik.org/users/79989370': '–ü–∞–≤–µ–ª –ï–≤–≥–µ–Ω—å–µ–≤–∏—á –ö–æ–≤–∞–ª—å', 'https://stepik.org/users/25781276': '–ù–∞—Ç–∞–ª–∏—è –ñ–µ–Ω–æ–≤–∞'}",5.2K
31182,–í–≤–µ–¥–µ–Ω–∏–µ –≤ Python (7-8 –∫–ª–∞—Å—Å—ã),https://stepik.org/course/31182,{'https://stepik.org/users/37659602': '–ê–ª–µ–∫—Å–µ–π –ó–æ—Ç–æ–≤'},5.2K
4519,Python –¥–ª—è —Ä–µ—à–µ–Ω–∏—è –ø—Ä–∞–∫—Ç–∏—á–µ—Å–∫–∏—Ö –∑–∞–¥–∞—á,https://stepik.org/course/4519,"{'https://stepik.org/users/1767092': '–ú–∏—Ö–∞–∏–ª –ì—É—Å—Ç–æ–∫–∞—à–∏–Ω', 'https://stepik.org/users/736914': 'Computer Science Center (CS —Ü–µ–Ω—Ç—Ä)'}",7.8K
762,–û—Å–Ω–æ–≤—ã Linux,https://stepik.org/course/762,{'https://stepik.org/users/17809379': '–ê–ª–µ–∫—Å–∞–Ω–¥—Ä –ü–µ—Ç—Ä–µ–Ω–∫–æ'},20K
238,Introduction to Python,https://stepik.org/course/238,{'https://stepik.org/users/17813950': 'JetBrains'},51.7K
4852,–í–≤–µ–¥–µ–Ω–∏–µ –≤ Data Science –∏ –º–∞—à–∏–Ω–Ω–æ–µ –æ–±—É—á–µ–Ω–∏–µ,https://stepik.org/course/4852,{'https://stepik.org/users/651763': 'Bioinformatics Institute'},28.8K
54098,–ù–µ–π—Ä–æ–Ω–Ω—ã–µ —Å–µ—Ç–∏ –∏ –æ–±—Ä–∞–±–æ—Ç–∫–∞ —Ç–µ–∫—Å—Ç–∞,https://stepik.org/course/54098,{'https://stepik.org/users/84186607': 'Samsung Research Russia Open Education'},9.9K
401,–ù–µ–π—Ä–æ–Ω–Ω—ã–µ —Å–µ—Ç–∏,https://stepik.org/course/401,{'https://stepik.org/users/651763': 'Bioinformatics Institute'},55.8K
73,–í–≤–µ–¥–µ–Ω–∏–µ –≤ Linux,https://stepik.org/course/73,{'https://stepik.org/users/651763': 'Bioinformatics Institute'},99.1K
104,–í–≤–µ–¥–µ–Ω–∏–µ –≤ —Ç–µ–æ—Ä–µ—Ç–∏—á–µ—Å–∫—É—é –∏–Ω—Ñ–æ—Ä–º–∞—Ç–∏–∫—É,https://stepik.org/course/104,{'https://stepik.org/users/736914': 'Computer Science Center (CS —Ü–µ–Ω—Ç—Ä)'},14.4K
79,Linear Algebra: Problems and Methods,https://stepik.org/course/79,{'https://stepik.org/users/150606': 'Nikolay Gusev'},30.5K
902,–í–≤–µ–¥–µ–Ω–∏–µ –≤ –¥–∏—Å–∫—Ä–µ—Ç–Ω—É—é –º–∞—Ç–µ–º–∞—Ç–∏–∫—É,https://stepik.org/course/902,{'https://stepik.org/users/651763': 'Bioinformatics Institute'},8.6K
48679,–ú–∞—Ç–µ–º–∞—Ç–∏—á–µ—Å–∫–∞—è –ª–æ–≥–∏–∫–∞ –∏ —Ç–µ–æ—Ä–∏—è –∞–ª–≥–æ—Ä–∏—Ç–º–æ–≤,https://stepik.org/course/48679,{'https://stepik.org/users/64674367': '–¢–£–°–£–†'},10.6K
1613,–¢–µ–æ—Ä–µ—Ç–∏—á–µ—Å–∫–∞—è –∏–Ω—Ñ–æ—Ä–º–∞—Ç–∏–∫–∞: —Å–ª–æ–∂–Ω–æ—Å—Ç—å –≤—ã—á–∏—Å–ª–µ–Ω–∏–π,https://stepik.org/course/1613,{'https://stepik.org/users/736914': 'Computer Science Center (CS —Ü–µ–Ω—Ç—Ä)'},5.9K
1612,–£–ø—Ä–∞–≤–ª–µ–Ω–∏–µ –≤—ã—á–∏—Å–ª–µ–Ω–∏—è–º–∏,https://stepik.org/course/1612,"{'https://stepik.org/users/9526': 'Anton Bragin', 'https://stepik.org/users/216101': 'Sergei Mozgov', 'https://stepik.org/users/651763': 'Bioinformatics Institute'}",9.9K
701,Introduction to Statistics,https://stepik.org/course/701,{'https://stepik.org/users/651763': 'Bioinformatics Institute'},30K
50352,–ù–µ–π—Ä–æ–Ω–Ω—ã–µ —Å–µ—Ç–∏ –∏ –∫–æ–º–ø—å—é—Ç–µ—Ä–Ω–æ–µ –∑—Ä–µ–Ω–∏–µ,https://stepik.org/course/50352,{'https://stepik.org/users/84186607': 'Samsung Research Russia Open Education'},26.3K
54364,–ò–Ω—Å—Ç—Ä—É–º–µ–Ω—Ç—ã –ë–î Scopus,https://stepik.org/course/54364,{'https://stepik.org/users/91427012': '–õ–µ–∫—Ç–æ—Ä–∏–π Elsevier'},1.7K
57167,–ú–∏–Ω–∏–º—É–º –ø–æ –ª–∏–Ω–µ–π–Ω–æ–π –∞–ª–≥–µ–±—Ä–µ,https://stepik.org/course/57167,{'https://stepik.org/users/128771276': '–í–ª–∞–¥–∏–º–∏—Ä –°–µ—Ä–≥–µ–µ–≤–∏—á –ó–∞–±–æ–ª–æ—Ç—Å–∫–∏–π'},790
2403,Adaptive Java,https://stepik.org/course/2403,{'https://stepik.org/users/17813950': 'JetBrains'},13K
1891,Java. Collections Framework.,https://stepik.org/course/1891,{'https://stepik.org/users/19672109': '–î–º–∏—Ç—Ä–∏–π –õ–µ–≤–∞–Ω–æ–≤'},1.9K
3432,JavaScript for Beginners,https://stepik.org/course/3432,{'https://stepik.org/users/2029748': 'Anton Kholin'},59.6K
3050,Introduction to JavaScript and React,https://stepik.org/course/3050,{'https://stepik.org/users/32110397': 'Ken McGrady'},10.1K
18644,The Document Object Model,https://stepik.org/course/18644,{'https://stepik.org/users/34051521': 'Chris Bay'},571
53669,CodeWars,https://stepik.org/course/53669,{'https://stepik.org/users/91002653': 'Dylan Wilson'},204
1304,Learning Python,https://stepik.org/course/1304,{'https://stepik.org/users/19509311': '–í–∞—Å–∏–ª–∏–π –î–∞–Ω–∏–ª–∏–Ω'},920
154,Web-—Ç–µ—Ö–Ω–æ–ª–æ–≥–∏–∏,https://stepik.org/course/154,{'https://stepik.org/users/1382921': 'Mail.ru Group'},51.6K
67,–ü—Ä–æ–≥—Ä–∞–º–º–∏—Ä–æ–≤–∞–Ω–∏–µ –Ω–∞ Python,https://stepik.org/course/67,{'https://stepik.org/users/651763': 'Bioinformatics Institute'},299K
579,Data Structures,https://stepik.org/course/579,"{'https://stepik.org/users/214650': 'Niema Moshiri', 'https://stepik.org/users/14359517': 'Liz Izhikevich'}",54.5K
16244,–ü—Ä–æ–≥—Ä–∞–º–º–Ω–æ–µ –æ–±–µ—Å–ø–µ—á–µ–Ω–∏–µ –∫–æ–º–ø—å—é—Ç–µ—Ä–Ω—ã—Ö —Å–µ—Ç–µ–π,https://stepik.org/course/16244,{'https://stepik.org/users/49258888': '–Æ–ª–∏—è –õ–µ–æ–Ω–∏–¥–æ–≤–Ω–∞'},4.5K
38218,–í–µ–±-—Ä–∞–∑—Ä–∞–±–æ—Ç–∫–∞ –¥–ª—è –Ω–∞—á–∏–Ω–∞—é—â–∏—Ö: HTML –∏ CSS,https://stepik.org/course/38218,{'https://stepik.org/users/24073100': 'ITC (vk.com/itc.digital)'},57.8K
568,Adaptive Python,https://stepik.org/course/568,{'https://stepik.org/users/17813950': 'JetBrains'},26.7K
512,Python: –æ—Å–Ω–æ–≤—ã –∏ –ø—Ä–∏–º–µ–Ω–µ–Ω–∏–µ,https://stepik.org/course/512,{'https://stepik.org/users/651763': 'Bioinformatics Institute'},77.8K
5448,–í–≤–µ–¥–µ–Ω–∏–µ –≤ Kotlin JVM,https://stepik.org/course/5448,{'https://stepik.org/users/35787766': '–ú–∞–∫—Å–∏–º –ë–µ—Å–æ–≥–æ–Ω–æ–≤'},6.7K
2607,Stepik Contest. Data Science,https://stepik.org/course/2607,{'https://stepik.org/users/1992480': 'Natalia Feofanova'},3.6K
10524,–ö–∞–∫ –ø–∏—Å–∞—Ç—å –Ω–∞—É—á–Ω—ã–µ —Å—Ç–∞—Ç—å–∏,https://stepik.org/course/10524,{'https://stepik.org/users/17406227': 'Mark Zaslavskiy'},8.9K
2852,Kotlin,https://stepik.org/course/2852,{'https://stepik.org/users/17813950': 'JetBrains'},26K
14736,–ö–∞–∫ —Ä–∞–±–æ—Ç–∞–µ—Ç –ò–Ω—Ç–µ—Ä–Ω–µ—Ç,https://stepik.org/course/14736,{'https://stepik.org/users/31135261': 'Elizaveta Zaslavskaya'},4.3K
187,Java. –ë–∞–∑–æ–≤—ã–π –∫—É—Ä—Å,https://stepik.org/course/187,{'https://stepik.org/users/736914': 'Computer Science Center (CS —Ü–µ–Ω—Ç—Ä)'},102K
575,–ê–≤—Ç–æ–º–∞—Ç–∏–∑–∞—Ü–∏—è —Ç–µ—Å—Ç–∏—Ä–æ–≤–∞–Ω–∏—è —Å –ø–æ–º–æ—â—å—é Selenium –∏ Python,https://stepik.org/course/575,"{'https://stepik.org/users/88489': 'Aleksey üë®\u200düíª Pogibelev', 'https://stepik.org/users/19131991': '–Æ–ª–∏—è –õ—è—Ö', 'https://stepik.org/users/45914490': '–ö–æ–º–∞–Ω–¥–∞ Stepik'}",15.5K
11263,–û—Å–Ω–æ–≤—ã –ª–æ–≥–∏–∫–∏. –ö—É—Ä—Å –¥–ª—è —à–∫–æ–ª—å–Ω–∏–∫–æ–≤ 7-11,https://stepik.org/course/11263,{'https://stepik.org/users/29417050': '–ú–∏—Ö–∞–∏–ª –°–µ—Ä–≥–µ–µ–≤–∏—á –°–æ–ª–∫–∏–Ω'},3.6K
253,–í–≤–µ–¥–µ–Ω–∏–µ –≤ –∞—Ä—Ö–∏—Ç–µ–∫—Ç—É—Ä—É –≠–í–ú. –≠–ª–µ–º–µ–Ω—Ç—ã –æ–ø–µ—Ä–∞—Ü–∏–æ–Ω–Ω—ã—Ö —Å–∏—Å—Ç–µ–º.,https://stepik.org/course/253,{'https://stepik.org/users/736914': 'Computer Science Center (CS —Ü–µ–Ω—Ç—Ä)'},32.3K
91,–õ–∏–∫–±–µ–∑ –ø–æ –¥–∏—Å–∫—Ä–µ—Ç–Ω–æ–π –º–∞—Ç–µ–º–∞—Ç–∏–∫–µ,https://stepik.org/course/91,{'https://stepik.org/users/736914': 'Computer Science Center (CS —Ü–µ–Ω—Ç—Ä)'},25.8K
3356,–ü—Ä–∞–∫—Ç–∏–∫—É–º –ø–æ –º–∞—Ç–µ–º–∞—Ç–∏–∫–µ –∏ Python,https://stepik.org/course/3356,{'https://stepik.org/users/17443953': '–ê–ª–µ–∫—Å–µ–π –ó–∞–¥–æ–π–Ω—ã–π'},10.9K
3145,–û—Å–Ω–æ–≤—ã Git,https://stepik.org/course/3145,{'https://stepik.org/users/17406227': 'Mark Zaslavskiy'},16K
3678,SSH –¢—Ä—é–∫–∏,https://stepik.org/course/3678,"{'https://stepik.org/users/734022': '–ù–∏–∫–∏—Ç–∞ –ö–æ–º–ø–∞–Ω–∏—â–µ–Ω–∫–æ', 'https://stepik.org/users/17406227': 'Mark Zaslavskiy'}",5.5K
4792,–†–∞–∑—Ä–∞–±–æ—Ç–∫–∞ Android-–ø—Ä–∏–ª–æ–∂–µ–Ω–∏–π –Ω–∞ Kotlin,https://stepik.org/course/4792,{'https://stepik.org/users/17406227': 'Mark Zaslavskiy'},11.6K
5703,–†–∞–∑—Ä–∞–±–æ—Ç–∫–∞ –º–æ–±–∏–ª—å–Ω—ã—Ö –ø—Ä–∏–ª–æ–∂–µ–Ω–∏–π –¥–ª—è Android,https://stepik.org/course/5703,"{'https://stepik.org/users/41703762': '–û–º–ì–¢–£', 'https://stepik.org/users/49345364': '–¢–∞–º—Ç—ç–∫'}",11.8K
2057,Python. Functional Programming,https://stepik.org/course/2057,{'https://stepik.org/users/826185': 'Vitaliy Polshkov'},11.2K
1571,–ú–µ—Ç–æ–¥ –ú–æ–Ω—Ç–µ-–ö–∞—Ä–ª–æ (–Ω–µ –∑–∞–∫–æ–Ω—á–µ–Ω),https://stepik.org/course/1571,{'https://stepik.org/users/16037905': '–ù–∏–∫–æ–ª–∞–π –¢—É–∑–æ–≤'},200
1878,–ê–Ω–∞–ª–∏–∑ –¥–∞–Ω–Ω—ã—Ö –≤ Google Analytics,https://stepik.org/course/1878,{'https://stepik.org/users/23999190': '–ê–Ω–¥—Ä–µ–π –û—Å–∏–ø–æ–≤'},17.6K
52200,–†–∞–∑—Ä–∞–±–æ—Ç–∫–∞ –º–æ–±–∏–ª—å–Ω—ã—Ö –ø—Ä–∏–ª–æ–∂–µ–Ω–∏–π –Ω–∞¬†Qt,https://stepik.org/course/52200,"{'https://stepik.org/users/79671378': 'OMP Education', 'https://stepik.org/users/31166787': '–ö–∏—Ä–∏–ª–ª –ß—É–≤–∏–ª–∏–Ω'}",845
735,–ü–æ–¥–≥–æ—Ç–æ–≤–∫–∞ –∫ –ï–ì–≠ –ø–æ –º–∞—Ç–µ–º–∞—Ç–∏–∫–µ (–∏–Ω—Ç–µ–Ω—Å–∏–≤–Ω—ã–π –∫—É—Ä—Å),https://stepik.org/course/735,{'https://stepik.org/users/17304128': 'Pelican Education'},14.3K
2614,–ë–∞–∑—ã –¥–∞–Ω–Ω—ã—Ö,https://stepik.org/course/2614,{'https://stepik.org/users/34379223': '–°–∞–Ω–∫—Ç-–ü–µ—Ç–µ—Ä–±—É—Ä–≥—Å–∫–∏–π –≥–æ—Å—É–¥–∞—Ä—Å—Ç–≤–µ–Ω–Ω—ã–π —É–Ω–∏–≤–µ—Ä—Å–∏—Ç–µ—Ç'},15.1K
10829,–ò–Ω—Ñ–æ—Ä–º–∞—Ç–∏–∫–∞,https://stepik.org/course/10829,"{'https://stepik.org/users/135091': 'Anastasia Lavrenko', 'https://stepik.org/users/45914490': '–ö–æ–º–∞–Ω–¥–∞ Stepik'}",5.2K
83,–î–∏—Å–∫—Ä–µ—Ç–Ω—ã–µ —Å—Ç—Ä—É–∫—Ç—É—Ä—ã,https://stepik.org/course/83,{'https://stepik.org/users/35638': 'Alex Dainiak'},23.1K
716,–ú–∞—Ç–µ–º–∞—Ç–∏—á–µ—Å–∫–∏–π –∞–Ω–∞–ª–∏–∑ (—á–∞—Å—Ç—å 1),https://stepik.org/course/716,{'https://stepik.org/users/736914': 'Computer Science Center (CS —Ü–µ–Ω—Ç—Ä)'},14.1K
431,–ê–¥–∞–ø—Ç–∏–≤–Ω—ã–π —Ç—Ä–µ–Ω–∞–∂–µ—Ä Python,https://stepik.org/course/431,{'https://stepik.org/users/779': '–¢–∏–º–æ—Ñ–µ–π –ë–æ–Ω–¥–∞—Ä–µ–≤'},30K
2461,–õ–∏–Ω–µ–π–Ω–∞—è –∞–ª–≥–µ–±—Ä–∞,https://stepik.org/course/2461,{'https://stepik.org/users/736914': 'Computer Science Center (CS —Ü–µ–Ω—Ç—Ä)'},11K
8057,–ú–∞—à–∏–Ω–Ω–æ–µ –æ–±—É—á–µ–Ω–∏–µ,https://stepik.org/course/8057,{'https://stepik.org/users/41703762': '–û–º–ì–¢–£'},7.9K
7215,–ê–ª–≥–æ—Ä–∏—Ç–º–∏–∑–∞—Ü–∏—è. –ü—Ä–æ–≥—Ä–∞–º–º–∏—Ä–æ–≤–∞–Ω–∏–µ. Python 3 –¥–ª—è —à–∫–æ–ª—å–Ω–∏–∫–æ–≤ 5-10–∫–ª,https://stepik.org/course/7215,{'https://stepik.org/users/29417050': '–ú–∏—Ö–∞–∏–ª –°–µ—Ä–≥–µ–µ–≤–∏—á –°–æ–ª–∫–∏–Ω'},11K
2621,–û–°–ù–û–í–´ Html & CSS,https://stepik.org/course/2621,{'https://stepik.org/users/32009108': '–ê–Ω—Ç–æ–Ω –ì–ª—É—Ö–æ–≤'},22K
76,–û—Å–Ω–æ–≤—ã —Å—Ç–∞—Ç–∏—Å—Ç–∏–∫–∏,https://stepik.org/course/76,{'https://stepik.org/users/651763': 'Bioinformatics Institute'},102K
4603,–ú–∞—Ç–µ–º–∞—Ç–∏–∫–∞ –¥–ª—è –æ–ª–∏–º–ø–∏–∞–¥ –ø–æ –ø—Ä–æ–≥—Ä–∞–º–º–∏—Ä–æ–≤–∞–Ω–∏—é,https://stepik.org/course/4603,{'https://stepik.org/users/3199288': '–°–∞–º–∞—Ä—Å–∫–∏–π —É–Ω–∏–≤–µ—Ä—Å–∏—Ç–µ—Ç'},13.7K
129,–ê–Ω–∞–ª–∏–∑ –¥–∞–Ω–Ω—ã—Ö –≤ R,https://stepik.org/course/129,{'https://stepik.org/users/651763': 'Bioinformatics Institute'},26.5K
